Feature,Importance
svcscan.kernel_drivers,0.22121500886420392
svcscan.nservices,0.15005684098183064
handles.nevent,0.11773748334573696
handles.nmutant,0.11582010254392655
handles.nkey,0.11255603084802715
handles.nsection,0.07841212129430264
dlllist.avg_dlls_per_proc,0.06199063956889652
handles.ntimer,0.05060785930661446
ldrmodules.not_in_load,0.03469352181036527
handles.nhandles,0.019936566087025494
handles.nsemaphore,0.01935875781290077
ldrmodules.not_in_mem,0.0031116939896892733
dlllist.ndlls,0.0023597805852529855
pslist.nppid,0.0019045211062628318
handles.nfile,0.0018717530852946646
handles.nthread,0.0017400584477295048
ldrmodules.not_in_init,0.0010222537264977028
malfind.commitCharge,0.0009847123184638634
pslist.nproc,0.0009170949528552359
handles.ndesktop,0.0007367313024634951
